{"cameraMode":{"drawMode":0,"name":"Shaded","section":"Shading Mode"},"sceneLighting":false,"audioPlay":false,"sceneViewState":{"m_AlwaysRefresh":false,"showFog":true,"showSkybox":false,"showFlares":true,"showImageEffects":true,"showParticleSystems":true,"showVisualEffectGraphs":true,"m_FxEnabled":true},"in2DMode":false,"pivot":{"x":-0.030483968555927278,"y":0.06971690058708191,"z":-0.04723786562681198},"rotation":{"x":0.19543510675430299,"y":0.03382172808051109,"z":-0.006764578633010387,"w":0.9801676869392395},"size":0.24224752187728883,"orthographic":false}