{"cameraMode":{"drawMode":0,"name":"Shaded","section":"Shading Mode"},"sceneLighting":true,"audioPlay":false,"sceneViewState":{"m_AlwaysRefresh":false,"showFog":true,"showSkybox":true,"showFlares":true,"showImageEffects":true,"showParticleSystems":true,"showVisualEffectGraphs":true,"m_FxEnabled":true},"in2DMode":false,"pivot":{"x":-10.336727142333985,"y":3.319999933242798,"z":139.3801727294922},"rotation":{"x":0.47233647108078005,"y":0.40220850706100466,"z":-0.2563191056251526,"w":0.7413274049758911},"size":127.83414459228516,"orthographic":false}