{"cameraMode":{"drawMode":0,"name":"Shaded","section":"Shading Mode"},"sceneLighting":false,"audioPlay":false,"sceneViewState":{"showFog":true,"showMaterialUpdate":false,"showSkybox":false,"showFlares":true,"showImageEffects":true,"showParticleSystems":true},"in2DMode":false,"pivot":{"x":8.940696716308594e-8,"y":0.5571268200874329,"z":-0.019187331199645997},"rotation":{"x":-0.13192398846149445,"y":0.003563812468200922,"z":-0.0004815911524929106,"w":-0.9912595748901367},"size":1.0462403297424317,"orthographic":false}