{"cameraMode":{"drawMode":0,"name":"Shaded","section":"Shading Mode"},"sceneLighting":false,"audioPlay":false,"sceneViewState":{"m_AlwaysRefresh":false,"showFog":true,"showSkybox":false,"showFlares":true,"showImageEffects":true,"showParticleSystems":true,"showVisualEffectGraphs":true,"m_FxEnabled":true},"in2DMode":false,"pivot":{"x":0.02291131019592285,"y":1.7574284076690674,"z":-1.814195156097412},"rotation":{"x":0.18806658685207368,"y":-0.03535011410713196,"z":0.006788354832679033,"w":0.9815430045127869},"size":5.181935787200928,"orthographic":false}